dates,opens,highs,lows,closes,volumes
1706934900000,43160.6,43206.11,43160.6,43175.81,11.00553822
1706935200000,43175.8,43189.51,43173.38,43189.51,2.52251369
1706935500000,43189.51,43192.11,43178.53,43181.99,3.05645338
1706935800000,43182.17,43183.91,43164.55,43176.08,6.30889754
1706936100000,43176.08,43178.8,43165.41,43175.68,4.25944091
1706936400000,43175.68,43194.55,43143.87,43149.22,11.02784013
1706936700000,43149.22,43152.24,43132.42,43137.86,4.55623192
1706937000000,43137.88,43153.32,43129.99,43153.32,5.01217532
1706937300000,43152.5,43160.62,43133.75,43140.79,4.88952835
1706937600000,43142.48,43146.71,43130.09,43139.64,6.15467937
1706937900000,43139.64,43141.66,43096.0,43103.01,10.46320824
1706938200000,43103.01,43146.17,43071.43,43142.07,15.61590734
1706938500000,43143.19,43146.06,43102.45,43107.61,4.59179401
1706938800000,43107.31,43117.37,43080.75,43101.92,5.54986473
1706939100000,43101.91,43129.39,43091.48,43124.55,8.62943683
1706939400000,43124.56,43137.45,43120.63,43137.44,4.15281436
1706939700000,43137.45,43155.92,43125.18,43154.82,5.82146044
1706940000000,43154.81,43154.81,43141.75,43145.97,5.12576426
1706940300000,43146.12,43146.44,43136.23,43140.45,3.63212948
1706940600000,43138.48,43138.48,43103.27,43112.27,5.21368636
1706940900000,43112.24,43112.24,43096.21,43102.5,2.1551849
1706941200000,43098.46,43130.49,43098.46,43116.19,9.46325902
1706941500000,43113.32,43113.32,43093.69,43097.82,1.49913324
1706941800000,43097.8,43100.29,43087.14,43090.61,5.90182596
1706942100000,43090.6,43090.61,43069.03,43076.55,4.8375262
1706942400000,43075.72,43108.41,43063.03,43095.78,9.33994406
1706942700000,43095.78,43096.9,43082.86,43084.37,3.36099747
1706943000000,43087.84,43107.82,43087.84,43096.81,4.14856587
1706943300000,43096.78,43109.8,43076.29,43078.66,4.7438546
1706943600000,43078.89,43081.01,43074.12,43077.55,3.75321582
1706943900000,43077.54,43078.47,43056.41,43064.01,3.73596312
1706944200000,43064.01,43068.44,43050.85,43066.84,4.32283908
1706944500000,43067.06,43084.31,43054.81,43083.28,3.3849798
1706944800000,43084.21,43098.51,43078.82,43094.67,4.70420087
1706945100000,43094.66,43100.64,43085.35,43091.38,2.53472847
1706945400000,43088.73,43109.1,43086.6,43109.1,2.57068781
1706945700000,43109.1,43117.85,43094.08,43111.57,2.51328539
1706946000000,43111.57,43111.58,43074.79,43079.96,4.00570532
1706946300000,43079.96,43084.32,43045.72,43045.73,2.88242827
1706946600000,43046.07,43062.56,43044.16,43061.86,3.11646951
1706946900000,43061.13,43064.96,43026.01,43043.82,8.23281822
1706947200000,43043.82,43069.14,43042.82,43060.52,4.52626006
1706947500000,43060.52,43066.23,43033.07,43039.65,3.15402927
1706947800000,43039.65,43071.4,43033.58,43069.7,14.79916115
1706948100000,43069.69,43078.28,43058.55,43058.55,1.9270898
1706948400000,43058.55,43070.0,43015.94,43019.52,4.63960808
1706948700000,43017.68,43039.4,43017.68,43034.06,5.08850551
1706949000000,43032.42,43043.1,43032.09,43037.47,2.50575351
1706949300000,43035.69,43045.67,43033.94,43038.11,5.55539827
1706949600000,43037.8,43040.66,43025.88,43032.35,4.3756328
1706949900000,43032.35,43048.73,43027.57,43032.43,3.80910944
1706950200000,43033.59,43035.14,43013.87,43020.5,5.26494061
1706950500000,43020.5,43035.03,42991.0,43002.11,10.48157107
1706950800000,43003.03,43029.73,43000.34,43025.35,5.50030409
1706951100000,43025.23,43037.07,43023.9,43036.39,5.08209437
1706951400000,43034.89,43036.95,43026.73,43034.19,4.34021794
1706951700000,43034.19,43062.89,43034.19,43059.55,4.91974144
1706952000000,43061.71,43076.91,43056.14,43072.9,4.02465363
1706952300000,43072.89,43072.89,43058.29,43065.12,3.30049967
1706952600000,43064.93,43071.8,43059.33,43071.8,5.256326
1706952900000,43071.14,43103.09,43071.13,43089.95,5.98946675
1706953200000,43086.2,43107.21,43077.78,43103.36,5.27389735
1706953500000,43103.01,43107.21,43095.01,43106.47,7.28622287
1706953800000,43103.18,43106.39,43074.85,43090.08,4.76631753
1706954100000,43085.6,43089.04,43072.34,43076.58,4.08524139
1706954400000,43076.55,43077.97,43068.14,43070.13,6.48422437
1706954700000,43070.09,43071.49,43050.24,43061.04,10.54743409
1706955000000,43061.02,43061.04,43051.24,43054.1,2.39636624
1706955300000,43054.19,43094.4,43053.16,43087.29,4.87209418
1706955600000,43087.18,43109.82,43084.61,43088.45,3.8040608
1706955900000,43089.13,43091.8,43078.03,43091.79,3.60337879
1706956200000,43091.77,43091.77,43057.7,43063.4,5.12056289
1706956500000,43062.23,43063.99,43040.05,43051.18,5.01533222
1706956800000,43052.11,43060.38,43044.18,43059.37,4.00722587
1706957100000,43059.37,43062.01,43023.43,43049.5,9.720941
1706957400000,43049.5,43049.51,43034.21,43034.54,10.28252879
1706957700000,43036.74,43053.05,43035.84,43050.7,3.65917493
1706958000000,43052.24,43052.24,43035.53,43039.82,5.11331729
1706958300000,43041.14,43043.25,43031.71,43040.95,4.02042252
1706958600000,43041.18,43041.99,43008.57,43011.16,2.79990758
1706958900000,43011.16,43017.96,43000.0,43003.04,5.13218368
1706959200000,43002.97,43006.02,42991.01,42998.44,7.22884592
1706959500000,43000.38,43000.38,42962.0,42980.84,11.48210787
1706959800000,42980.85,42992.48,42959.38,42982.74,5.5457879
1706960100000,42982.74,42982.74,42950.0,42974.85,5.21558917
1706960400000,42974.0,43013.74,42974.0,43004.83,3.10249857
1706960700000,43004.2,43004.41,42967.48,42988.3,4.59445143
1706961000000,42987.81,43007.09,42972.95,42979.39,5.18921451
1706961300000,42979.32,42980.61,42955.97,42978.07,3.63407431
1706961600000,42979.06,42980.52,42959.89,42962.21,2.95735664
1706961900000,42961.05,42982.0,42950.0,42981.73,6.95907639
1706962200000,42981.73,43004.84,42981.72,43002.23,2.99661577
1706962500000,43002.24,43066.05,42996.24,43049.66,17.36843644
1706962800000,43047.82,43051.15,43029.85,43036.32,5.18236562
1706963100000,43036.32,43037.47,43020.82,43020.82,4.03072839
1706963400000,43021.09,43026.22,43014.99,43023.34,6.13119804
1706963700000,43023.33,43028.52,43023.33,43025.02,6.92651383
1706964000000,43025.02,43065.45,43025.01,43044.74,14.06381332
1706964300000,43046.33,43065.86,43044.94,43065.58,6.66966899
1706964600000,43065.59,43065.59,43043.34,43052.16,8.66661367
1706964900000,43051.31,43071.31,43050.0,43051.96,8.01179667
1706965200000,43051.96,43065.18,43051.96,43065.18,4.33984153
1706965500000,43065.18,43079.82,43033.21,43037.07,6.32544692
1706965800000,43037.07,43040.71,43017.15,43026.72,6.19255922
1706966100000,43026.72,43064.81,43026.72,43045.93,7.29383268
1706966400000,43045.91,43063.7,43044.1,43063.69,5.26921359
1706966700000,43063.69,43063.7,43042.96,43051.81,3.73779163
1706967000000,43051.8,43051.81,43047.19,43047.31,6.27986421
1706967300000,43047.3,43051.8,43028.25,43032.47,10.64929957
1706967600000,43033.25,43070.1,43033.25,43068.24,4.36375992
1706967900000,43068.23,43068.24,43043.25,43045.65,4.13163711
1706968200000,43045.66,43060.18,43042.19,43049.69,3.51983035
1706968500000,43049.69,43062.33,43045.64,43054.21,4.63743106
1706968800000,43054.26,43055.09,43027.62,43051.11,3.82268254
1706969100000,43050.86,43050.86,43030.0,43032.36,7.94430848
1706969400000,43032.35,43049.62,43005.11,43049.61,5.39447083
1706969700000,43049.61,43063.49,43014.45,43037.75,14.06055863
1706970000000,43037.75,43056.75,43037.75,43052.4,4.94827054
1706970300000,43052.57,43054.12,43031.17,43041.49,6.03167817
1706970600000,43041.49,43055.02,43036.56,43052.18,6.30422241
1706970900000,43052.19,43067.32,43045.69,43054.85,7.19365689
1706971200000,43054.81,43055.29,43036.04,43050.0,6.93986414
1706971500000,43049.99,43050.0,43014.15,43016.33,12.80806257
1706971800000,43016.33,43046.04,43016.33,43031.29,18.49406311
1706972100000,43031.29,43032.36,43028.0,43028.01,7.5718586
1706972400000,43028.0,43028.0,42926.48,42971.75,21.95805439
1706972700000,42972.89,42976.43,42891.88,42918.46,24.97623386
1706973000000,42918.5,42961.11,42863.58,42959.4,19.65882769
1706973300000,42955.37,43005.51,42925.69,42991.73,12.51383184
1706973600000,42991.74,43020.77,42991.74,43007.87,12.38771245
1706973900000,43007.87,43095.17,43007.87,43094.66,18.00520856
1706974200000,43094.75,43094.76,43047.76,43051.82,17.16543174
1706974500000,43051.36,43066.21,43040.66,43064.88,9.25611947
1706974800000,43064.88,43177.52,43064.88,43129.28,21.85279135
1706975100000,43130.75,43131.45,43096.91,43118.44,13.27426979
1706975400000,43118.43,43165.27,43115.31,43121.56,10.54994162
1706975700000,43121.56,43127.4,43063.39,43108.65,17.63754202
1706976000000,43108.65,43141.36,43092.27,43092.27,15.00881121
1706976300000,43091.84,43146.81,43082.75,43143.54,8.77138444
1706976600000,43143.54,43155.32,43129.57,43146.63,11.40102836
1706976900000,43146.62,43177.5,43135.99,43160.2,12.53155694
1706977200000,43161.93,43161.94,43129.1,43140.58,18.70761398
1706977500000,43140.58,43142.26,43116.48,43118.94,9.0082382
1706977800000,43118.95,43147.56,43108.51,43120.41,35.06216665
1706978100000,43121.35,43121.35,43078.2,43089.94,8.77145136
1706978400000,43089.94,43093.38,43066.7,43077.8,10.90805172
1706978700000,43076.18,43077.65,43056.31,43072.16,5.1959353
1706979000000,43072.16,43108.51,43066.4,43087.79,5.89440074
1706979300000,43087.79,43115.51,43074.81,43075.86,8.16252308
1706979600000,43072.0,43106.55,43068.12,43096.45,4.31814724
1706979900000,43094.95,43134.64,43091.34,43132.68,3.32268904
1706980200000,43132.68,43133.41,43112.29,43112.46,4.52148724
1706980500000,43112.51,43123.95,43094.88,43099.29,4.54694395
1706980800000,43101.24,43107.4,43082.01,43088.76,6.62962478
1706981100000,43089.18,43100.76,43081.97,43086.57,7.90409495
1706981400000,43086.57,43122.97,43074.45,43102.71,11.41488239
1706981700000,43102.71,43123.36,43102.71,43116.07,3.4881327
1706982000000,43116.04,43194.42,43111.21,43184.97,19.42701096
1706982300000,43182.8,43256.65,43180.65,43245.85,29.25068344
1706982600000,43245.41,43257.12,43226.91,43243.98,5.53452123
1706982900000,43245.09,43252.98,43199.79,43217.39,10.76659492
1706983200000,43217.39,43218.48,43169.52,43209.99,9.80878685
1706983500000,43209.99,43234.23,43195.75,43222.91,6.20283759
1706983800000,43219.26,43223.26,43174.41,43209.99,16.90418551
1706984100000,43208.91,43216.36,43134.66,43148.58,16.78118158
1706984400000,43148.58,43186.67,43147.7,43186.1,5.83014724
1706984700000,43186.09,43202.34,43186.09,43199.48,7.90381251
1706985000000,43199.33,43199.33,43064.98,43104.67,34.39775123
1706985300000,43104.7,43106.84,43062.1,43071.76,6.50103395
1706985600000,43071.75,43076.18,43011.97,43028.65,14.33003834
1706985900000,43028.65,43078.0,43013.02,43064.09,10.84808256
1706986200000,43064.67,43096.98,43044.87,43065.85,9.3233427
1706986500000,43068.08,43071.47,43042.1,43058.55,3.32411263
1706986800000,43058.19,43076.02,43010.18,43034.68,19.9392132
1706987100000,43034.88,43072.05,43025.16,43057.27,7.34257085
1706987400000,43058.12,43062.08,43043.47,43047.42,5.15862241
1706987700000,43045.41,43074.03,43041.12,43061.13,7.10448408
1706988000000,43057.64,43059.2,43025.66,43044.93,14.71661105
1706988300000,43046.55,43050.15,43031.21,43035.56,8.86874864
1706988600000,43035.69,43044.29,43020.92,43039.63,3.29631957
1706988900000,43039.62,43042.9,43016.01,43016.83,7.66534499
1706989200000,43017.22,43033.31,43001.0,43015.88,5.01415717
1706989500000,43015.89,43023.97,43001.01,43017.93,5.24267954
1706989800000,43014.44,43033.49,43000.09,43015.81,6.19877868
1706990100000,43015.82,43047.46,43012.15,43045.45,3.20095313
1706990400000,43043.24,43043.24,43012.02,43034.26,4.05118229
1706990700000,43034.26,43034.26,42987.0,42995.19,7.61605191
1706991000000,42995.2,43026.73,42995.2,43011.47,4.32628097
1706991300000,43010.3,43023.63,43001.81,43012.1,2.93182264
1706991600000,43012.11,43013.64,42996.83,42998.78,4.03189853
1706991900000,42999.08,43031.27,42995.78,43030.58,5.05666823
1706992200000,43029.36,43069.97,43001.0,43069.33,10.06234908
1706992500000,43069.57,43093.72,43055.23,43066.52,9.43465919
1706992800000,43066.53,43084.97,43066.52,43078.29,5.04565368
1706993100000,43078.29,43084.23,43057.42,43066.41,5.20444951
1706993400000,43066.41,43077.09,43046.18,43056.35,3.80032094
1706993700000,43056.34,43059.16,43044.5,43053.49,3.25453196
1706994000000,43053.49,43081.88,43053.49,43071.73,6.44036607
1706994300000,43071.73,43081.88,43060.33,43070.56,3.59714727
1706994600000,43070.57,43073.12,43063.3,43065.37,2.06047174
1706994900000,43068.25,43071.93,43052.46,43060.59,7.9076933
1706995200000,43060.6,43074.0,43032.07,43036.43,6.6540283
1706995500000,43036.36,43038.14,43015.38,43033.52,2.82252815
1706995800000,43034.52,43035.66,43013.43,43019.67,6.19609486
1706996100000,43019.66,43023.0,43009.25,43009.25,5.5446336
1706996400000,43012.75,43030.07,43007.57,43029.96,3.95597019
1706996700000,43029.92,43031.94,43010.92,43020.49,7.63934256
1706997000000,43020.48,43027.55,43004.51,43025.85,4.73542364
1706997300000,43025.86,43032.0,43025.85,43030.36,3.79319165
1706997600000,43031.04,43031.55,43012.0,43013.23,11.38413055
1706997900000,43013.23,43031.49,43012.82,43029.93,4.07726625
1706998200000,43029.98,43030.76,42994.93,43011.96,6.06390089
1706998500000,43015.55,43034.13,43015.55,43028.65,3.7831251
1706998800000,43029.33,43042.94,43025.78,43041.65,5.47744527
1706999100000,43041.65,43060.21,43041.65,43054.67,3.30105896
1706999400000,43054.67,43070.99,43050.5,43070.98,5.19696347
1706999700000,43070.99,43070.99,43064.04,43070.4,11.43969719
1707000000000,43070.4,43073.48,43042.86,43043.92,9.60527553
1707000300000,43043.93,43045.44,43028.7,43043.14,6.44062848
1707000600000,43043.14,43047.46,43032.48,43039.13,8.49575476
1707000900000,43039.16,43049.88,43000.06,43024.77,8.95110614
1707001200000,43024.77,43068.75,43024.77,43053.74,8.19550928
1707001500000,43060.73,43070.02,43035.75,43065.34,6.94875081
1707001800000,43064.05,43067.74,43052.84,43060.08,6.92134648
1707002100000,43060.07,43062.26,43015.85,43027.74,7.34269882
1707002400000,43027.74,43027.74,42975.01,42990.07,7.42644921
1707002700000,42990.07,43019.5,42979.32,43005.49,7.29652736
1707003000000,43004.21,43010.11,42941.78,42964.98,18.93452361
1707003300000,42964.4,42984.64,42938.51,42945.37,8.42136558
1707003600000,42950.71,42958.41,42934.46,42957.38,4.06315436
1707003900000,42958.41,42972.95,42952.4,42970.98,4.49357417
1707004200000,42967.73,42994.14,42959.8,42961.88,7.33849129
1707004500000,42964.07,43010.67,42964.07,43010.67,4.43627395
1707004800000,43007.82,43010.4,42980.44,42987.22,6.24739066
1707005100000,42985.19,42988.29,42955.0,42956.66,6.41113472
1707005400000,42955.86,42965.22,42926.3,42955.19,6.61158494
1707005700000,42955.19,43003.73,42955.19,42998.02,10.48264686
1707006000000,42998.01,42999.08,42895.86,42913.35,18.96234153
1707006300000,42913.36,42933.01,42903.18,42907.51,5.64279781
1707006600000,42907.51,42932.88,42881.4,42929.86,5.99888672
1707006900000,42927.3,42990.11,42914.47,42987.87,23.39212516
1707007200000,42987.85,42990.6,42966.36,42973.65,8.17261878
1707007500000,42973.65,42980.11,42949.77,42969.83,6.17151906
1707007800000,42966.95,42986.44,42961.54,42968.4,3.86636411
1707008100000,42968.4,43006.34,42968.4,43000.88,5.11117442
1707008400000,43000.87,43003.92,42962.52,42964.01,4.0586692
1707008700000,42964.01,42964.01,42943.92,42946.05,3.90738767
1707009000000,42943.92,42961.72,42930.0,42946.05,7.81314429
1707009300000,42946.05,42983.13,42937.66,42980.95,5.47852148
1707009600000,42977.53,42986.17,42957.45,42980.98,3.84497404
1707009900000,42980.98,42992.4,42980.97,42990.52,3.3696942
1707010200000,42990.52,43000.0,42982.93,42998.94,4.95962884
1707010500000,42998.94,43018.81,42980.0,43010.01,6.18326148
1707010800000,43010.0,43013.76,42990.51,42998.63,3.27409492
1707011100000,42998.63,43014.22,42984.07,43010.39,4.36742238
1707011400000,43009.2,43027.44,43009.2,43025.44,3.20341294
1707011700000,43025.44,43029.79,43008.1,43023.24,5.44484097
1707012000000,43023.23,43044.76,43009.8,43011.65,3.96340399
1707012300000,43011.66,43020.08,42999.86,43005.66,8.22938829
1707012600000,43005.66,43072.3,43005.65,43034.99,62.74567059
1707012900000,43034.01,43057.14,43033.99,43038.66,6.10916264
1707013200000,43038.66,43042.82,43015.59,43022.41,3.56532783
1707013500000,43021.74,43034.61,43020.27,43027.96,2.19205686
1707013800000,43027.97,43027.97,43009.9,43014.36,3.05019856
1707014100000,43014.35,43019.64,43008.95,43014.21,4.17941214
1707014400000,43014.21,43014.21,42998.55,43010.6,6.76960876
1707014700000,43010.6,43022.89,43007.12,43019.52,3.52365718
1707015000000,43019.72,43019.73,42997.67,43007.46,3.87849847
1707015300000,43007.46,43009.83,42998.32,43000.84,3.9616252
1707015600000,43002.54,43021.13,43002.14,43018.98,5.69850705
1707015900000,43018.98,43018.98,43010.83,43011.16,2.69008764
1707016200000,43013.6,43025.0,43007.39,43023.73,5.00735314
1707016500000,43023.72,43029.27,43018.68,43026.24,1.97952608
1707016800000,43028.12,43030.4,43011.0,43022.08,3.83856391
1707017100000,43019.88,43022.63,43016.82,43021.11,1.9221052
1707017400000,43021.11,43027.24,43012.34,43022.2,3.84502226
1707017700000,43021.15,43029.82,43017.01,43023.66,3.241992
1707018000000,43022.29,43031.34,43020.34,43023.3,3.12998818
1707018300000,43023.4,43030.94,43001.56,43010.07,9.0259809
1707018600000,43010.06,43016.51,43010.0,43010.01,3.45263166
1707018900000,43010.01,43014.41,43009.0,43014.4,2.09534119
1707019200000,43014.4,43019.68,42986.58,42992.3,6.05621022
1707019500000,42989.25,42996.7,42975.0,42976.87,4.24065594
1707019800000,42976.87,42980.86,42963.07,42966.19,3.53619063
1707020100000,42966.18,42972.76,42938.08,42939.61,3.7432632
1707020400000,42939.61,42949.24,42936.15,42939.27,3.29399898
1707020700000,42939.27,42939.27,42910.02,42912.1,4.4849072
1707021000000,42912.1,42942.31,42901.83,42919.69,11.66756505
1707021300000,42919.69,42942.63,42919.69,42938.07,3.81532608
1707021600000,42938.07,42942.38,42917.5,42919.13,4.15567848
1707021900000,42919.12,42931.22,42915.65,42925.78,1.83728215
1707022200000,42925.77,42934.17,42917.59,42918.48,2.62212221
1707022500000,42918.49,42919.44,42889.14,42908.18,4.44403079
1707022800000,42908.18,42909.35,42888.89,42893.53,3.13738144
1707023100000,42893.52,42908.11,42881.37,42906.85,3.56343869
1707023400000,42906.85,42946.27,42906.31,42934.59,3.72822476
1707023700000,42934.59,42937.49,42850.03,42889.91,29.68411358
1707024000000,42888.56,42936.7,42884.76,42916.5,9.31425108
1707024300000,42916.5,42923.71,42903.59,42905.86,2.49200529
1707024600000,42905.65,42913.38,42881.62,42883.15,3.78345648
1707024900000,42884.78,42898.98,42869.49,42894.51,6.73909816
1707025200000,42897.24,42901.96,42872.0,42893.43,7.84795175
1707025500000,42889.61,42908.48,42887.91,42896.34,4.21875307
1707025800000,42898.04,42910.32,42880.0,42882.15,2.78290929
1707026100000,42882.33,42888.12,42873.39,42874.78,1.33412709
1707026400000,42874.78,42899.76,42856.95,42890.64,4.98431467
1707026700000,42895.22,42922.55,42893.58,42920.37,2.48400299
1707027000000,42920.36,42920.37,42898.02,42906.04,1.68913055
1707027300000,42906.04,42918.67,42895.81,42895.81,4.54210993
1707027600000,42895.82,42899.55,42862.7,42863.4,1.52886048
1707027900000,42864.88,42873.91,42815.16,42818.93,13.28458904
1707028200000,42818.93,42829.03,42771.3,42828.42,26.52575624
1707028500000,42831.62,42851.21,42812.19,42850.81,2.54762707
1707028800000,42851.19,42851.21,42791.1,42804.08,6.64164036
1707029100000,42802.61,42807.01,42773.0,42788.1,4.10236423
1707029400000,42787.49,42791.64,42760.0,42775.77,3.80607752
1707029700000,42775.25,42784.71,42737.01,42742.31,26.08023816
1707030000000,42742.31,42804.95,42720.43,42801.65,8.43505594
1707030300000,42801.65,42829.48,42787.22,42829.17,4.56847692
1707030600000,42829.49,42833.67,42792.0,42792.07,2.57630631
1707030900000,42793.69,42810.84,42773.34,42786.99,4.07909982
1707031200000,42788.97,42810.8,42759.12,42806.6,5.8670401
1707031500000,42806.6,42827.98,42792.44,42826.19,6.68591238
1707031800000,42822.62,42840.15,42795.0,42802.53,4.14917509
1707032100000,42800.41,42812.71,42796.79,42810.27,4.54151805
1707032400000,42810.26,42810.27,42797.43,42797.93,4.43043791
1707032700000,42796.77,42809.1,42793.07,42808.14,3.51201007
1707033000000,42808.14,42849.84,42807.5,42849.66,7.13266394
1707033300000,42846.93,42848.95,42819.59,42822.79,6.12123833
1707033600000,42826.34,42827.57,42794.02,42795.56,10.64393355
1707033900000,42795.56,42805.77,42782.74,42788.06,4.29297446
1707034200000,42788.06,42802.57,42786.3,42802.53,4.38053189
1707034500000,42802.52,42811.56,42796.05,42802.75,3.28587498
1707034800000,42806.66,42815.65,42798.84,42801.95,1.69011876
1707035100000,42801.94,42815.59,42799.33,42815.47,2.58688531
1707035400000,42815.55,42827.97,42806.25,42816.31,3.64287393
1707035700000,42816.31,42816.31,42781.96,42784.44,1.93335631
1707036000000,42782.96,42793.76,42757.11,42790.04,3.73320104
1707036300000,42787.24,42789.92,42782.97,42786.53,1.23778759
1707036600000,42786.53,42790.2,42761.45,42785.8,5.16584597
1707036900000,42785.8,42787.79,42773.98,42787.79,4.65725446
1707037200000,42786.62,42799.95,42759.17,42768.85,16.75159927
1707037500000,42768.53,42768.67,42750.0,42751.01,7.14029893
1707037800000,42750.0,42754.62,42729.01,42731.55,12.36391928
1707038100000,42731.56,42766.81,42716.82,42752.62,14.40414751
1707038400000,42752.61,42871.21,42752.61,42851.19,13.46489643
1707038700000,42850.65,42903.17,42843.97,42886.65,12.42789691
1707039000000,42886.65,42970.87,42886.65,42964.54,23.0062849
1707039300000,42964.23,42964.23,42911.0,42917.07,12.08014408
1707039600000,42916.38,42938.69,42892.54,42903.63,7.41616228
1707039900000,42907.95,42951.76,42907.95,42931.18,5.30637601
1707040200000,42931.18,42966.27,42919.81,42940.93,5.91939076
1707040500000,42940.93,42946.84,42922.66,42923.39,7.18022436
1707040800000,42924.33,42930.26,42901.79,42917.79,5.21516145
1707041100000,42919.91,42922.74,42889.24,42891.5,4.09693108
1707041400000,42891.53,42908.77,42891.53,42892.86,3.84907236
1707041700000,42893.41,42907.08,42877.86,42884.11,8.77116957
1707042000000,42884.24,42884.24,42853.96,42879.9,2.93703599
1707042300000,42879.9,42922.93,42864.46,42922.93,8.1818099
1707042600000,42922.64,42926.89,42897.58,42905.62,5.47212218
1707042900000,42902.44,42909.87,42883.29,42890.86,3.18810623
1707043200000,42890.86,42909.99,42890.85,42909.97,3.97023959
1707043500000,42909.97,42909.97,42854.49,42877.37,8.39700759
1707043800000,42876.48,42918.09,42876.44,42918.05,5.97052565
1707044100000,42917.55,42930.0,42915.52,42927.65,2.50131535
1707044400000,42929.99,42939.03,42909.78,42938.98,7.69108975
1707044700000,42938.97,42982.98,42938.88,42954.56,9.69147285
1707045000000,42954.57,42990.53,42954.56,42990.52,3.28569401
1707045300000,42989.16,43020.69,42977.79,42981.16,11.94411644
1707045600000,42981.17,43019.42,42971.38,43018.22,8.33549074
1707045900000,43018.04,43030.01,43005.64,43020.99,8.9581088
1707046200000,43020.77,43024.6,43005.01,43018.0,9.20069014
1707046500000,43019.35,43070.44,43018.06,43066.68,3.75309355
1707046800000,43061.94,43100.0,43052.47,43052.54,12.17040884
1707047100000,43052.54,43052.55,43009.85,43031.25,6.58757663
1707047400000,43031.48,43056.37,43005.67,43011.24,5.2046201
1707047700000,43011.08,43045.42,43011.08,43043.21,7.25316934
1707048000000,43040.35,43061.0,43035.85,43052.62,7.84906312
1707048300000,43054.16,43070.95,43047.67,43067.46,5.29340173
1707048600000,43071.04,43085.87,43048.4,43053.8,8.48220023
1707048900000,43055.26,43055.26,43022.15,43050.12,5.71525547
1707049200000,43050.11,43076.91,43050.11,43072.03,2.59201153
1707049500000,43071.88,43073.12,43050.54,43060.58,5.32260711
1707049800000,43060.59,43081.16,43060.58,43080.28,4.34390042
1707050100000,43076.12,43099.99,43073.78,43088.28,2.24145164
1707050400000,43084.57,43086.43,43022.09,43030.01,5.17933598
1707050700000,43035.4,43035.4,42984.93,43014.49,6.51115257
1707051000000,43020.08,43024.33,42982.66,42996.83,4.04786689
1707051300000,42993.63,43010.77,42973.32,42973.32,3.28330596
1707051600000,42970.42,43002.2,42968.2,42969.85,4.66669369
1707051900000,42966.11,42972.12,42948.78,42961.21,5.84955701
1707052200000,42964.67,42979.88,42956.22,42962.28,5.70369426
1707052500000,42961.61,43004.16,42953.39,42996.75,6.15836566
1707052800000,42996.75,42996.75,42967.17,42992.79,3.55745196
1707053100000,42992.79,43006.62,42987.83,43005.38,3.63230659
1707053400000,43005.39,43022.75,42979.38,42989.75,6.25783524
1707053700000,42989.73,42996.55,42957.08,42975.36,6.57515688
1707054000000,42978.11,42978.12,42963.17,42969.93,3.57907355
1707054300000,42969.93,42986.3,42965.0,42977.84,3.94162417
1707054600000,42977.83,42988.88,42965.99,42985.71,3.89346166
1707054900000,42984.43,42991.22,42975.0,42980.95,5.34194027
1707055200000,42982.81,42999.95,42964.0,42970.95,5.07613312
1707055500000,42970.96,42973.37,42947.26,42966.88,2.68691351
1707055800000,42966.89,42993.44,42966.77,42993.44,3.98163901
1707056100000,42992.3,43000.0,42943.27,42943.43,8.63138198
1707056400000,42943.7,42989.53,42931.04,42986.18,8.82632771
1707056700000,42987.1,42989.53,42965.43,42982.26,3.70324437
1707057000000,42982.26,42998.32,42975.37,42989.55,4.79990489
1707057300000,42989.6,42989.6,42939.16,42940.42,4.1372659
1707057600000,42941.66,42942.92,42927.45,42929.76,5.1750369
1707057900000,42934.35,42934.35,42856.56,42892.95,20.2591795
1707058200000,42892.08,42905.45,42868.97,42878.55,5.92744289
1707058500000,42879.52,42882.92,42828.0,42859.78,28.27499216
1707058800000,42859.78,42869.64,42834.25,42835.48,6.12490319
1707059100000,42839.52,42899.91,42827.9,42899.42,8.92371132
1707059400000,42898.39,42931.2,42898.39,42907.18,8.58361059
1707059700000,42907.18,42932.25,42891.4,42891.51,6.99486541
1707060000000,42889.35,42895.3,42826.89,42848.66,6.01793866
1707060300000,42848.85,42883.39,42848.85,42870.37,6.46624457
1707060600000,42873.19,42915.79,42865.02,42910.63,5.96977183
1707060900000,42913.3,42920.48,42892.8,42905.08,4.45958881
1707061200000,42905.09,42910.16,42898.07,42900.0,3.48925005
1707061500000,42900.01,42902.83,42871.86,42889.25,4.72647505
1707061800000,42889.25,42936.12,42886.01,42935.88,12.08379818
1707062100000,42933.95,42938.38,42917.22,42926.79,6.16455712
1707062400000,42927.46,42928.71,42895.71,42896.82,3.58711216
1707062700000,42896.83,42916.69,42886.57,42890.82,10.76497093
1707063000000,42890.09,42890.09,42870.0,42884.99,8.26869744
1707063300000,42885.0,42885.63,42854.91,42871.49,4.37174389
1707063600000,42868.59,42877.72,42854.67,42875.83,3.40830682
1707063900000,42875.83,42888.84,42861.27,42870.01,3.57051289
1707064200000,42870.0,42909.43,42870.0,42890.03,4.53442887
1707064500000,42891.93,42912.07,42891.0,42894.61,6.13635515
1707064800000,42893.74,42901.87,42862.57,42882.23,3.45340324
1707065100000,42879.21,42884.84,42860.56,42867.92,3.89737045
1707065400000,42867.85,42897.22,42865.3,42896.87,5.42418778
1707065700000,42896.83,42898.93,42885.77,42895.0,2.98808262
1707066000000,42895.0,42914.32,42875.0,42886.89,5.23456861
1707066300000,42886.55,42952.44,42885.05,42937.17,3.78196464
1707066600000,42939.21,42951.04,42928.1,42928.11,3.87445908
1707066900000,42928.1,42936.38,42853.0,42854.54,6.95680953
1707067200000,42856.66,42860.15,42818.54,42850.15,9.47528
1707067500000,42850.15,42881.06,42841.54,42848.56,5.83790295
1707067800000,42847.84,42885.64,42847.84,42871.89,12.24382633
1707068100000,42875.53,42904.88,42862.65,42894.75,7.97183198
1707068400000,42893.47,42923.67,42888.75,42923.37,5.31963671
1707068700000,42924.68,42929.76,42900.0,42917.57,6.75323667
1707069000000,42914.11,42914.11,42876.41,42878.6,4.89380833
1707069300000,42878.42,42897.23,42868.66,42881.84,3.84870556
1707069600000,42881.84,42892.24,42856.08,42892.24,6.06048139
1707069900000,42892.25,42926.62,42892.25,42909.43,6.45736697
1707070200000,42910.23,42910.23,42882.29,42886.25,3.68035188
1707070500000,42886.26,42897.55,42847.55,42850.67,30.82635646
1707070800000,42849.58,42850.54,42796.61,42809.68,14.39153455
1707071100000,42809.87,42825.38,42790.0,42803.03,8.73076963
1707071400000,42803.03,42826.7,42791.99,42811.62,11.62017392
1707071700000,42811.63,42816.37,42790.0,42795.97,7.58902176
1707072000000,42795.98,42798.25,42768.09,42778.77,21.93249296
1707072300000,42775.97,42776.95,42736.84,42753.25,22.36873028
1707072600000,42750.45,42767.52,42730.21,42750.94,6.42979997
1707072900000,42750.95,42798.89,42740.87,42774.07,10.63802748
1707073200000,42773.79,42808.02,42750.01,42751.03,5.53109352
1707073500000,42750.93,42755.43,42595.0,42639.04,116.05940282
1707073800000,42638.89,42664.34,42565.19,42642.69,38.85866121
1707074100000,42644.18,42709.98,42639.05,42667.25,16.60495289
1707074400000,42667.1,42698.3,42632.09,42632.09,11.87567227
1707074700000,42632.96,42656.86,42600.0,42646.7,12.67901175
1707075000000,42644.99,42677.31,42609.02,42634.96,20.07846521
1707075300000,42630.9,42666.02,42627.14,42637.19,8.45524738
1707075600000,42637.31,42663.52,42623.0,42652.25,13.48403734
1707075900000,42657.1,42657.1,42629.58,42652.97,5.55230027
1707076200000,42654.18,42657.18,42592.26,42625.84,12.64285425
1707076500000,42627.08,42640.11,42616.31,42624.72,6.78786468
1707076800000,42621.84,42648.68,42596.91,42627.8,14.72688617
1707077100000,42630.42,42645.71,42609.63,42641.35,13.9968776
1707077400000,42643.44,42645.71,42585.89,42608.69,6.076311
1707077700000,42605.64,42636.22,42575.0,42623.45,11.9436599
1707078000000,42623.28,42628.75,42589.89,42605.42,5.82211442
1707078300000,42605.42,42613.27,42530.51,42597.31,37.26285173
1707078600000,42597.16,42623.61,42577.46,42612.98,8.40047963
1707078900000,42612.37,42677.67,42600.32,42676.94,13.81639223
1707079200000,42675.72,42680.05,42633.44,42650.39,6.20901885
1707079500000,42650.83,42744.88,42639.42,42728.41,18.36724417
1707079800000,42720.13,42912.75,42698.12,42894.19,75.54524052
1707080100000,42886.36,42902.85,42816.8,42862.84,11.45645089
1707080400000,42859.43,42963.35,42859.43,42912.63,11.01097246
1707080700000,42912.63,42923.07,42871.23,42907.63,9.58100301
1707081000000,42910.2,42917.56,42848.58,42850.48,7.64173411
1707081300000,42850.38,42852.7,42803.38,42835.13,7.95372891
1707081600000,42838.74,42872.37,42829.67,42842.78,5.9667384
1707081900000,42844.72,42846.97,42812.16,42831.46,3.2013231
1707082200000,42831.45,42883.09,42811.74,42880.06,8.27337654
1707082500000,42880.41,42883.16,42852.87,42852.87,3.15267469
1707082800000,42849.91,42871.18,42807.19,42811.48,12.89358348
1707083100000,42811.09,42811.44,42788.81,42793.16,4.06963681
1707083400000,42790.78,42790.78,42750.0,42754.46,7.58049924
1707083700000,42751.34,42771.35,42750.0,42758.26,3.94566682
1707084000000,42759.33,42803.84,42755.0,42797.27,6.4476882
1707084300000,42793.52,42799.24,42750.84,42754.03,6.15080025
1707084600000,42754.04,42795.33,42750.24,42785.88,6.90655617
1707084900000,42787.27,42865.26,42786.09,42819.04,7.64494961
1707085200000,42822.75,42822.76,42737.3,42737.3,5.22191036
1707085500000,42735.71,42737.41,42573.0,42633.23,21.03081564
1707085800000,42629.39,42639.11,42627.25,42639.11,0.15482969
